LocusID;Zygote;Quadrant;Globular;Heart;Torpedo;Bent;Mature
AT1G01040;2173.635205;1911.200145;1152.555283;1291.422445;1000.252931;962.977223;1696.427421
AT1G01370;912.5740008;990.5189126;1259.183821;1048.094647;993.6671193;1138.128863;926.2480179
AT1G02560;9915.821602;9965.720668;19602.78698;22256.09701;27314.34139;19444.0844;13198.59967
AT1G02780;53775.96412;55938.54981;69276.83301;62158.09189;59432.62252;56060.60532;32089.44976
AT1G03360;968.5535876;913.1487822;982.6492066;982.790233;983.8860474;1102.040413;905.0096569
AT1G04635;926.3365319;915.5031834;847.6510583;910.2991847;1026.14302;896.2905642;796.5135461
AT1G04950;1722.874272;1367.539191;1516.539345;1383.014513;1450.74992;1521.743138;2016.080616
AT1G05190;1049.943727;1106.150532;2663.459789;2737.268722;2529.865009;2621.531288;887.7944682
AT1G05600;909.3363752;831.1256007;1045.96581;1064.322278;900.4165925;879.6768205;853.0332038
AT1G06950;948.743133;788.7013641;955.4672873;918.4596129;922.1053755;1074.600143;958.0709548
AT1G07320;4594.618425;3043.827726;5266.828056;9029.323503;9889.050465;10257.55427;2883.491882
AT1G08130;7459.932893;6308.575932;15178.40373;10704.6695;4977.717656;4070.559144;2635.339
AT1G08260;650.9285564;631.0328922;657.2376426;657.2826268;617.6437662;588.6937572;605.9070061
AT1G08510;6453.306365;4024.621217;4730.440848;3937.778149;4371.692086;4931.305178;3408.262815
AT1G08560;922.582653;1057.463269;1641.074312;1762.34;1823.041562;2142.414573;925.8936877
AT1G08840;1541.45992;1684.310127;2028.650358;2184.963909;2045.73141;1325.696195;1058.990697
AT1G09770;2435.066425;2415.689472;1681.165174;1845.533505;1344.608311;1611.157883;2440.902862
AT1G10270;779.2733684;750.6022976;1003.41422;1140.173609;1001.891777;844.4425669;980.5785052
AT1G10510;2308.788083;2639.317469;1820.983911;2451.75383;3376.544611;2250.836279;1331.975317
AT1G10910;847.5507657;876.1897762;982.5678464;871.6084817;899.9824662;957.769127;917.2424355
AT1G11680;5421.730725;5070.270874;2776.940563;4119.962553;9911.813469;2318.931386;2135.658803
AT1G12260;897.8881842;1008.647321;1101.723415;1161.003266;1066.24603;984.0915664;914.1062908
AT1G12360;785.4942408;749.4567561;796.1312908;893.2247459;851.1274774;864.6594482;785.2181479
AT1G12410;1443.910754;1160.509594;1985.085796;1828.761464;1796.757872;1878.498072;2145.704203
AT1G12770;1115.361452;828.2539419;910.7205835;955.6583656;1037.518031;1064.351655;2312.834943
AT1G13980;776.343425;760.3130776;764.9517289;767.3365018;758.205686;744.085894;697.059976
AT1G14610;1441.393626;1334.266666;2091.579476;1884.325201;1284.546989;1195.771916;1249.235558
AT1G15220;1259.280567;1339.144576;1152.341994;1137.690042;1020.199747;930.0301451;1008.029365
AT1G17220;928.8747393;890.2730966;1101.204452;1042.961466;1006.383311;1063.960965;895.5353102
AT1G18450;870.8224311;862.9083537;1088.279482;1053.313281;1015.448375;1003.469813;914.8621416
AT1G19080;984.1335916;1074.402919;1544.43391;1524.706636;1480.078066;1174.283328;995.2032414
AT1G19800;9824.973225;9828.187119;7335.889694;6647.847561;6719.418191;5248.210585;4105.484686
AT1G19850;6304.61123;6763.080529;16085.60269;11372.56839;4115.597644;2867.011547;816.0816283
AT1G20050;1058.585917;1120.859095;1247.892651;1280.488507;1161.20945;1054.963061;888.6446344
AT1G20200;938.7131207;964.3596028;1862.172948;1570.099926;1383.617849;1071.713291;1278.287576
AT1G20960;817.731992;769.2930674;770.3606238;905.0251286;872.4350289;804.3228328;776.3828704
AT1G21310;1081.983902;1047.988923;1301.409649;1022.385032;938.2692843;1262.81743;975.5902911
AT1G21390;1055.908302;1164.888799;1232.671034;1278.604769;1094.996256;1011.160727;954.6048164
AT1G21690;1082.811965;1161.858018;1357.101369;1362.633188;1232.671256;1093.516654;951.9444885
AT1G21970;724.2000108;789.7763155;814.1408088;775.2965692;797.1349634;854.9248403;791.9378203
AT1G22090;1522.590607;1203.483443;897.2099313;918.5895727;761.7087271;701.2521513;784.9136946
AT1G23400;1562.555411;1268.601024;1548.888027;1479.297451;1890.407585;2630.51592;3821.669079
AT1G24340;1202.522343;1084.105469;1041.598742;1382.595377;1404.276133;2501.670763;1659.699297
AT1G24706;894.4892627;964.2079082;1117.883342;942.2517508;980.6376103;1121.710363;1031.315038
AT1G28300;1010.324357;938.2532815;1062.260226;1120.986279;1078.896561;982.3984316;895.6778171
AT1G30610;2242.373836;2073.721996;2486.075608;2786.429805;2659.46465;2224.0762;1586.902396
AT1G31860;1057.782627;1049.795284;1167.570182;1144.171863;1205.422568;1188.946495;782.423409
AT1G32490;1277.818546;1003.516771;1203.155032;1168.827201;1102.438781;1178.706274;1822.4958
AT1G34430;976.1552307;960.0661298;997.6382517;1739.407927;9045.934582;9961.182181;1434.859464
AT1G34550;1341.753959;1328.920236;1756.133616;1403.040587;1398.995015;1571.929658;1492.794251
AT1G36160;35665.96064;14519.86639;6544.05562;7482.231496;7382.371518;6749.405987;12348.96634
AT1G43170;65504.43619;58417.77698;68522.02613;65165.08302;59914.27915;62470.17429;50203.02069
AT1G43710;1256.209812;1105.530506;1258.274005;1280.272029;1280.58319;1434.901459;2696.01088
AT1G44900;1666.664668;1627.227561;2618.1836;1897.466389;1925.48931;1343.741467;808.3739265
AT1G48175;1268.484526;1203.337685;1381.408629;1520.72452;1434.32535;1207.464763;1308.910947
AT1G48350;1415.771925;1581.928045;3082.720361;3905.28973;6991.076581;4747.297593;1390.026775
AT1G48850;755.8965257;765.4134291;756.2067199;726.3027896;685.2702036;683.1256593;725.4468434
AT1G49400;2462.041397;2634.22689;3343.364338;2798.970581;2020.412767;1902.712506;1495.994483
AT1G49510;1216.757212;992.4649933;992.4882832;996.4846939;1660.381291;1561.864028;1107.422449
AT1G49770;756.9483679;715.4593466;737.5040653;770.2378102;679.6047938;612.5033099;695.672044
AT1G49880;1078.589721;1185.913522;1602.359602;1403.270543;1095.899986;1054.390841;1140.881713
AT1G50030;707.6455146;698.6631625;689.1149756;717.9914967;716.5766072;694.0317894;728.3233234
AT1G51450;1343.775907;1313.479308;1172.986291;1256.102796;1150.075929;1210.717745;1582.629095
AT1G53580;913.6821514;908.3115961;873.6429092;889.6028521;831.5460619;829.363007;796.9230703
AT1G55350;1539.660122;1794.335542;1486.400781;1487.803015;1482.42926;1176.488508;987.9677152
AT1G55600;784.7978422;724.9972604;751.740231;837.0502776;808.3418222;808.580963;762.9097267
AT1G55870;1066.728353;1077.57503;821.5412394;869.5409482;872.52347;951.4518791;830.363171
AT1G55900;776.2267741;694.644303;774.1315688;907.7332376;674.6651579;680.6643814;706.5716488
AT1G56200;804.4006582;746.6599963;875.0526458;1166.572325;1698.366556;1198.241689;1234.197582
AT1G58210;910.7674971;929.1037547;883.9481929;960.4896329;907.6607396;931.2624039;825.1424606
AT1G59990;766.5460166;734.3745913;715.7762914;787.7676818;796.3872072;753.6859189;691.8343605
AT1G60170;813.3319593;775.847264;719.4929343;729.5063149;697.2016323;666.7374766;641.4198714
AT1G62360;985.7079508;1092.209376;957.6525308;942.3304365;828.295342;755.4810067;796.4164655
AT1G62750;843.7298111;740.3275321;796.119059;904.2070302;949.9169363;1013.185562;828.6835694
AT1G63160;4654.835472;4254.364437;6186.761355;4980.120399;4105.818776;2694.033915;1755.299363
AT1G63700;828.3812087;805.6735626;898.4056244;1003.11109;967.2732995;887.2471145;805.7090063
AT1G64790;1028.836015;1235.838282;2612.54522;1726.059729;1288.563586;1609.114812;1220.344107
AT1G67320;6627.325266;4401.459674;8539.782391;10515.32583;8396.420125;7684.13901;2103.252404
AT1G67440;1003.537409;1200.215536;1526.284815;1045.530384;1046.099042;1491.089727;2052.009657
AT1G67490;8128.727719;6939.699037;4005.906604;3232.653627;3126.672315;3580.772601;1962.209834
AT1G67630;1247.251951;1363.565693;1564.410514;1824.282472;1852.578118;1463.871359;812.5872064
AT1G67730;862.93282;914.247893;943.9248981;1102.406474;1176.808443;1357.276282;831.2359927
AT1G68730;862.0030468;924.0301472;955.5662095;1052.144781;1315.120445;993.0866704;896.0662724
AT1G70070;1074.377156;964.4465257;1221.774712;1366.149577;1258.732816;1250.540015;967.9700295
AT1G71440;724.128119;821.5836781;930.29041;836.189732;927.2341654;903.8021848;703.8830951
AT1G74900;8003.214021;10457.85967;2939.788856;3057.841011;2884.716798;2965.022929;3554.201261
AT1G74960;9520.090181;10636.89161;25110.01674;31342.65167;41535.41949;52682.56963;2988.800289
AT1G74970;3272.008133;2078.328974;1156.368875;1139.655029;1097.253444;1150.162059;2970.349036
AT1G75350;1395.397462;1483.363002;1196.868449;1355.626484;1893.060342;1489.037406;2268.085848
AT1G75660;991.4630296;1055.454575;1029.431199;918.1052044;916.4043011;888.0194614;1117.80486
AT1G76060;919.0873495;810.1755742;800.0534389;708.6532549;700.9677231;838.4066689;1162.146568
AT1G77470;859.0687427;824.3026979;1213.471356;1430.239863;1381.084475;1373.045957;1025.685901
AT1G78580;740.1028102;778.9032638;1168.149232;896.6714945;861.2617246;957.9064766;852.600318
AT1G78630;1951.165678;3905.334537;7251.612014;10162.29723;19394.90392;12007.9155;4347.289697
AT1G79230;6951.941608;4481.312361;7722.700885;11178.62361;8387.824256;9339.736129;17658.67787
AT1G79350;786.9808152;685.7559734;744.7499159;666.5134703;681.050157;720.6697678;819.1110395
AT1G79490;738.3978685;731.7758538;814.0652875;791.7136371;765.8816642;708.4317885;704.9805783
AT1G79560;5755.175374;4711.862713;8560.280887;7186.121349;5358.158018;4497.202286;2774.84904
AT1G79810;1472.49992;1471.350863;1118.809668;1101.428458;1141.301664;1108.184176;1136.70879
AT1G80070;20894.18521;11189.76025;9428.731113;14593.718;13938.85399;16359.41108;61651.58947
AT1G80260;1520.202778;1034.408335;1505.149272;1542.935186;1617.00378;2005.039788;1142.249114
AT1G80410;1296.276885;1294.900425;1925.793826;1826.454465;1534.045491;1449.667351;1693.462855
AT2G01350;1593.164411;1786.751099;1666.940546;1824.875812;2177.973662;2222.962754;2411.818624
AT2G01390;1141.03687;1387.158587;876.0920691;830.913033;924.5407231;756.9772725;991.7477535
AT2G01420;2418.763907;3356.914421;4844.823137;6281.488222;6799.223474;5767.766105;3244.446591
AT2G01735;1960.842758;1695.935472;1542.587605;1770.769141;1653.245274;1920.121472;4471.757511
AT2G01860;828.9212421;974.7633044;1113.073557;936.2620837;930.1639499;979.1910051;871.824235
AT2G02150;806.2491707;792.2118258;750.3851028;710.4030611;750.1482133;727.5460782;805.0218657
AT2G03050;866.1430648;907.5939747;918.0964775;920.2571452;901.5084685;878.3495301;1428.356268
AT2G03150;713.322417;770.8802893;797.531269;698.4368096;660.0695414;651.6016784;738.5496284
AT2G03870;2444.488909;2353.812921;3011.504366;2705.940091;2195.917144;1855.740578;1441.473836
AT2G04030;15015.44304;12555.22163;8759.104584;7734.730259;9573.554177;18030.55936;13706.78085
AT2G04530;850.4896367;792.6497633;853.9767124;956.4652021;925.3912879;824.438334;776.5418338
AT2G04842;778.3032113;790.2870784;756.6042573;844.2583494;937.5822048;937.1160624;898.354844
AT2G17090;894.5988384;887.1591511;861.9549659;828.2379636;817.5251443;1215.985932;21497.15416
AT2G17250;6586.615443;6118.00135;9928.314844;6228.632973;5996.588026;3462.527869;3852.105153
AT2G17510;1149.448128;1015.955432;1492.844024;1482.273726;1294.983149;1331.910824;1732.292762
AT2G18020;977.4542975;1061.856926;1496.003989;1568.388442;1734.82907;1445.950322;1027.874004
AT2G18290;899.7512261;806.3545025;847.3703471;937.08803;898.2598971;863.5738293;872.2422864
AT2G18390;1480.650785;3200.876058;1381.58391;1652.233265;1924.789424;1100.491722;1928.382471
AT2G18510;1100.000496;1003.732476;1456.180887;1463.638337;1298.19435;1205.993362;1470.619716
AT2G19450;6746.757585;8013.856126;5857.965052;7171.939075;9561.247466;7282.579136;14435.895
AT2G20580;2148.529236;2142.515506;3659.093679;4044.583329;2902.228759;3012.462019;1898.81505
AT2G21470;902.2070802;904.3562867;1078.496063;1089.288163;1058.87055;1005.470623;874.5387856
AT2G21710;1416.525987;1406.908538;1121.792128;1354.170419;1287.435748;1069.114658;955.3813214
AT2G22870;1687.683903;2144.377977;2446.084487;2171.635934;2507.575437;1342.398402;918.7487769
AT2G25660;2249.904521;2457.016438;1954.254377;1445.783764;1582.17376;1389.33396;1781.015019
AT2G25710;4456.516114;4043.024854;3743.931203;5077.14522;6355.612326;4221.393894;1270.062915
AT2G26060;8965.575467;4399.995413;3126.890571;3652.005412;2935.592816;2278.85161;11903.48526
AT2G26350;780.9310152;755.3336315;759.2963527;816.8932875;797.662546;772.3305349;770.6313647
AT2G26830;1059.561315;1182.048752;1161.343684;953.5980286;947.2185747;1068.264749;962.2755001
AT2G26890;3019.830219;2577.388382;1461.886035;1642.188081;1961.227055;2609.219293;3182.210209
AT2G27170;743.9699682;656.8581254;664.8388982;653.929479;606.261981;666.8431949;810.9738844
AT2G28000;55747.6929;55455.90351;55081.61249;58264.59181;39181.14654;36769.51144;24396.2488
AT2G28880;1490.616747;1265.642381;897.9305411;1038.015031;1204.255428;939.7137731;848.4058358
AT2G30200;3701.441245;5417.79298;11933.64992;10870.82645;18642.28936;25049.27969;3547.906022
AT2G30410;1048.329505;1240.600659;1122.588253;941.3003453;941.1565693;975.3962709;820.349537
AT2G30920;786.0634761;825.4635536;865.749396;799.9280421;845.848243;886.6174981;843.1463542
AT2G31060;875.6099695;783.0057707;1060.283604;935.4787067;909.9877778;1102.513726;988.9101144
AT2G31305;1281.690307;1271.811946;1048.490771;1016.237156;926.1922358;965.5239937;1046.189767
AT2G31340;898.2289923;694.5860774;742.9103432;869.639775;693.5725824;675.0924428;675.5637553
AT2G31530;3899.442595;3290.60533;2674.374302;2990.787752;3783.161092;3743.959295;4483.908653
AT2G32590;3022.783929;2858.555864;2088.386175;2579.47793;1680.996529;1833.713805;2162.509484
AT2G33800;894.9021545;864.9650397;1332.644915;1471.040267;1737.41545;1466.04009;1214.651891
AT2G34650;16141.92892;6490.83551;9797.467723;13997.96811;17456.07471;11121.15624;1608.794873
AT2G34780;800.9140893;774.722988;744.3410007;818.9459883;779.1210046;743.5058681;716.1672774
AT2G35650;1017.980507;923.6902422;1032.70635;1100.274198;978.5215873;907.9889549;913.4603255
AT2G36000;1140.125417;1172.953364;1175.307004;1270.561742;1522.453951;1833.508126;1208.660166
AT2G36230;761.5802812;885.5099014;1028.78423;900.2615896;1235.743083;969.6993661;757.3073247
AT2G37560;1059.606879;955.150622;1373.286481;1276.346399;1063.394205;1114.689865;938.0036348
AT2G37920;1061.83165;986.283051;1038.315435;1164.030201;1167.875279;1088.111229;1105.151433
AT2G38020;926.0729228;888.6098779;923.1012581;945.0132867;875.2225585;978.5022127;1068.99498
AT2G38280;1247.598217;1178.60884;1863.815833;1438.035355;1246.511999;1439.44884;1148.358398
AT2G38670;1248.611436;1212.230781;2602.783413;2961.850019;3070.738021;3033.201409;2363.282201
AT2G38770;1335.114856;1404.486438;954.7566505;954.2246119;991.3635503;1006.298148;1200.817355
AT2G39080;762.5834885;842.6065745;854.5578805;823.4606045;830.2864448;741.9883522;744.9282642
AT2G39770;27116.54249;16287.94601;13132.50992;13476.26632;11722.55753;11308.9671;9401.830023
AT2G41350;673.014997;765.7180427;744.3129366;722.1887176;727.5862332;675.8830866;635.9949563
AT2G41500;702.9382456;717.0063042;762.6322222;773.6210751;725.2196482;667.4287575;914.2168341
AT2G41720;1141.715589;1258.64488;1483.516422;1335.375312;1110.803307;1024.627032;1916.804879
AT2G43360;1554.098365;3233.202436;1249.174892;5296.280949;15776.2303;2802.944363;1094.038815
AT2G43650;861.220764;886.0609794;1003.892349;1002.674886;1047.352438;907.9599095;909.7264442
AT2G44190;889.2579201;821.1623595;943.5295061;824.5321544;866.2968188;978.283872;858.4407192
AT2G45000;749.6566236;698.9812268;745.8763446;728.8086111;738.8449886;711.8662063;795.4088398
AT2G45270;1259.339768;1228.206465;1293.187265;1343.025991;1512.164033;1929.261719;2593.625275
AT2G45330;2675.258703;1165.46953;1462.815942;1790.238991;1634.049307;2955.317493;24869.0516
AT2G45690;865.6464587;843.4320304;959.2146145;1097.229204;1048.078138;1035.260753;1846.798002
AT2G47620;982.0692087;893.2509737;1277.726789;1239.038352;1080.281813;1325.929193;1096.126524
AT2G47940;914.487075;978.4376482;2184.073909;3044.808774;3874.469912;4240.657865;942.3362778
AT3G01370;829.8232436;953.2639226;1086.483444;942.2978986;882.8930323;918.6726297;813.1189041
AT3G01610;1290.84822;1425.773222;2163.839192;1980.962711;1395.865799;1505.40801;1265.75494
AT3G02280;1423.486884;1474.897714;2077.204505;2097.691699;3174.265324;3126.672113;967.4844432
AT3G02660;830.4118147;781.8529554;877.190616;1010.450389;1098.902846;1078.932367;810.8352181
AT3G04340;834.6950975;957.4281787;960.4744057;962.7777376;1022.874149;939.2745266;866.6341526
AT3G04400;65286.8429;58601.04242;60570.45808;52658.36506;55163.81609;54609.05303;19502.92208
AT3G04460;711.8005859;679.9533668;694.7981335;653.9655017;662.5212418;653.945507;744.6105862
AT3G04680;964.620168;860.8168399;1207.718901;1316.443243;1099.009436;1198.271338;942.7035517
AT3G04790;1060.245783;1047.171405;1166.459993;1292.846991;2122.77927;2180.518137;1089.701649
AT3G05680;779.6837221;760.2769436;729.4435161;705.1826696;709.5889504;710.1741127;772.6612599
AT3G06350;2794.778652;1657.963494;1968.597133;1745.564183;1723.851714;2388.927407;1372.254143
AT3G06430;938.3393404;857.3885172;862.3813444;903.7653709;1205.526523;1273.388008;1112.79059
AT3G07060;1687.406478;1614.489721;1670.596544;1636.798951;1410.802623;1250.729925;1282.053131
AT3G07430;946.9275474;936.219383;992.5391544;1100.443212;1269.425263;1152.282184;849.9061054
AT3G08850;894.5305852;794.5569013;880.5861088;750.533501;820.2850111;944.7162451;2451.83625
AT3G10220;1524.528821;1497.740272;1470.993391;1237.93156;1276.141671;1380.818579;2199.084877
AT3G10670;634.0468592;588.4073239;590.3669905;574.7418459;578.3414232;604.4465333;649.4607574
AT3G10690;736.396465;703.8794826;851.4511833;889.7965642;910.8382885;902.9024279;830.7750186
AT3G11940;22682.26785;20053.71108;23587.03811;22060.28141;20372.15359;18141.69221;15835.64107
AT3G12080;3506.070138;2123.821503;3497.594353;3722.430681;4578.890533;4617.989277;12631.12599
AT3G12670;2054.637528;1549.06603;2084.436522;3123.955405;3688.775043;19354.93879;3205.03351
AT3G13200;1400.114402;1627.941253;1643.668385;1828.868619;2212.710757;2515.340006;1364.399855
AT3G14900;5100.071912;6034.189563;3900.883812;4772.1107;4483.316917;1857.832379;1356.231522
AT3G16290;1608.455616;1599.780542;1225.183575;1393.723778;1626.05716;1534.844147;1782.467272
AT3G17300;1057.109457;1242.024546;1411.849466;1794.70256;1895.140607;1701.924352;972.8671351
AT3G17910;614.6255308;611.1182295;634.8297614;672.6823048;621.6255234;621.8591298;650.7612721
AT3G18110;852.4275885;978.5598545;1033.636686;1114.823445;1100.467438;1164.278671;944.5031695
AT3G18290;2087.089014;1486.737302;1619.431963;1722.582912;1476.506985;1285.346226;2384.938519
AT3G18390;688.1765227;637.9890618;635.8052173;659.3109275;664.6774647;666.8861786;686.7573766
AT3G19700;758.0474784;799.5146581;883.4304109;884.5740975;924.610113;886.3620522;837.0224528
AT3G19770;857.1401402;1037.529383;1134.120625;886.8266688;921.2011673;1061.758685;1046.480498
AT3G19980;742.7096165;755.8737155;803.0437647;867.367013;848.1161632;818.8430697;760.727858
AT3G20070;6740.011231;8710.426264;4387.040427;4806.813988;7214.63417;10121.2185;11344.91708
AT3G20400;877.9682674;891.469226;849.7104986;895.7729029;960.8355528;897.8528584;834.9117546
AT3G20440;734.8773944;782.1398507;774.2860391;811.645874;831.6531946;743.0904856;743.2882822
AT3G20630;2048.89834;1125.064923;1393.841993;1583.18063;1354.079861;1429.728206;1276.4923
AT3G23110;689.0388091;744.7724967;809.9429803;794.9201941;833.7116138;765.8010239;691.1802103
AT3G24560;782.9080775;773.4244279;761.5048123;748.45309;767.4312766;808.2584577;796.7841795
AT3G25860;1807.290051;4531.854677;15089.3858;12950.95563;33278.31552;38031.96125;2278.710137
AT3G26790;927.4711294;1104.021723;1226.827692;1155.133421;1824.505086;4344.38709;1152.331809
AT3G27670;984.0832736;965.5391262;817.6498585;805.1046549;887.9563665;845.9701218;1637.856194
AT3G27750;3405.918161;3961.615499;3673.556938;6402.813059;11116.78461;11755.61187;17040.99586
AT3G29290;747.4632566;817.7678971;830.0827806;843.7014137;839.6135481;803.9259875;833.6969376
AT3G44530;760.0502402;758.7150163;739.0835613;754.335959;680.785599;690.9945979;689.2694635
AT3G46560;62369.96233;64660.04334;53755.29798;41701.95936;44768.62359;35047.47924;25371.93511
AT3G46740;949.1251652;1329.724095;1007.38822;946.0000852;1194.313297;1170.223946;1044.692741
AT3G48110;879.4588811;928.5757321;902.7933766;927.527425;905.5016681;842.1305767;833.8411152
AT3G48470;726.0033083;783.8577363;828.7733281;1052.884562;940.8927053;813.1372799;722.0749715
AT3G48930;29251.21701;44356.92339;58669.16273;52386.18748;40400.93047;29916.37678;2857.189222
AT3G49170;745.5066925;819.594171;1067.725119;1012.500122;837.4734501;796.7725262;726.0923147
AT3G49240;1344.358433;1842.106153;2733.814515;2584.782268;1827.913585;1690.149725;1130.225267
AT3G49660;707.3144775;656.3548116;652.0650394;667.9060451;679.7161305;681.7944465;740.1908908
AT3G50870;691.7350916;698.6858444;752.3442905;792.8549473;782.8875622;736.1773469;690.939047
AT3G52590;63063.42756;60957.1976;55983.73869;56871.22687;57020.67018;50659.24152;25336.07534
AT3G52940;858.0922298;1064.344624;1099.007468;1264.825242;1872.147916;1864.60181;856.6438494
AT3G54010;972.4599375;959.8060936;858.9830358;928.0702954;869.0977017;858.972706;935.4922806
AT3G54170;873.8876942;831.5824948;1141.450798;1007.531159;954.4715326;1158.583339;1930.500408
AT3G54320;741.019447;895.922285;912.5355387;941.5009687;1515.858788;1515.524363;736.7355409
AT3G54350;1375.63215;1445.306792;1737.877577;2011.493576;1857.711586;1522.854591;1320.594805
AT3G54660;1484.089052;1456.644725;2063.831441;2527.583347;2749.967933;4359.784318;5004.031977
AT3G54670;746.3003145;760.5829885;818.9259718;851.7401862;866.4528541;1011.77426;1098.663459
AT3G54720;1606.67503;1370.473632;1543.780308;2225.973036;1873.539809;1853.111873;1836.920158
AT3G55010;6514.789921;6763.908937;7593.101877;5135.449615;3957.369169;2192.321216;2550.77662
AT3G55510;724.7744376;732.3922615;889.9733583;922.2579086;989.0573929;880.5476611;721.3244684
AT3G55610;1120.151761;1037.203593;844.1357394;917.6434437;890.9616216;894.7511737;863.933619
AT3G55620;2468.671773;2150.158338;5736.744271;7993.017901;7693.036554;6173.233285;14932.01412
AT3G57870;27038.94679;18977.24087;25360.12691;28042.13114;19165.07116;12532.0182;14457.02726
AT3G60740;1104.767063;1211.515646;1166.117421;1162.438664;1108.762651;1045.3504;919.3954897
AT3G60830;743.1809787;770.46826;878.3048814;863.1993069;915.8935884;1038.316968;855.2269531
AT3G61780;1458.167395;1694.922224;1536.526796;1481.925076;1242.89834;1045.911803;1385.323337
AT3G63490;1094.758952;1351.36647;2453.797135;4053.521448;5653.253758;4598.84486;5143.122232
AT4G00220;793.2809135;860.4119172;867.3153719;846.1177529;820.3186969;839.1058045;859.3013257
AT4G00620;676.7093955;615.9196188;736.6092607;645.4448536;775.962988;751.0152944;797.5396622
AT4G02060;5103.86787;5827.863161;13272.26002;14508.47405;12162.22912;6806.953655;1081.328798
AT4G02570;872.7739783;823.4963153;1004.766384;878.2701356;822.3277535;957.5745886;1807.926085
AT4G02790;685.0539619;741.3325786;797.5275213;779.0132971;990.75055;934.6600432;732.4679909
AT4G02980;5930.41078;3468.884433;1534.723808;2331.950522;2691.672238;4329.467916;3398.713503
AT4G03240;679.3869653;719.8896638;825.0337093;813.599122;850.6104157;764.4532896;837.6999036
AT4G03430;1204.459657;1023.341811;1466.516434;1688.16611;1347.378293;1466.02578;2413.670408
AT4G04350;8589.443336;6719.470726;5636.203306;6474.991331;8695.702948;4756.916509;2415.55125
AT4G05410;735.8995686;692.2356705;667.9856525;719.7316719;713.0007164;692.6811059;848.8105498
AT4G09980;1278.306954;1667.516073;1342.914147;1426.970106;1358.294766;1417.666945;1180.700898
AT4G10760;702.4076954;729.1522084;779.9909819;759.7888624;744.6298331;748.9277298;783.7516818
AT4G11150;642.0659809;656.2671854;687.9565017;616.4677899;600.6715956;624.9884668;765.6442493
AT4G13750;758.5814142;743.5814264;808.1445309;764.2278561;781.3437466;848.744081;834.5679803
AT4G13940;21171.88971;22148.38529;54579.61576;38760.02753;31682.07909;31489.76863;8005.148146
AT4G14590;942.2396327;895.3667532;1011.263546;1148.670219;1005.265525;964.7251874;1045.106638
AT4G16370;1014.863519;1177.934337;2719.284661;2885.039131;2605.469772;3702.374653;1027.08014
AT4G19350;1252.565544;1545.301386;1714.753097;1548.884681;1496.799341;1337.056559;1405.914953
AT4G20060;1119.181988;1077.397662;1271.491123;1388.081226;1301.775125;1555.575022;1475.502785
AT4G20090;624.2871076;622.8775806;619.533879;632.2928418;602.3729529;598.3079392;635.5854879
AT4G20740;1610.784896;1449.595817;1007.091022;1041.625014;953.7774627;850.290225;925.8128507
AT4G21130;724.448135;757.4137736;707.6537377;736.1298979;764.6149504;731.0634714;683.5119669
AT4G21190;745.9236486;737.0610237;815.8751898;864.0123332;879.0992572;821.5635297;701.4070672
AT4G21710;907.0567149;837.8477325;860.3701192;844.2883361;847.9749818;896.2758193;1313.535539
AT4G21800;1011.625662;1075.845667;890.2478186;777.745221;901.9931974;801.5750611;873.2250563
AT4G22970;746.3118314;779.4506808;822.230715;806.1401863;815.9491723;848.8055903;793.0194306
AT4G23100;2187.806999;1642.706158;1826.295945;1787.782384;1554.642501;2315.197495;15117.29896
AT4G23250;813.2044605;865.9702206;889.9575455;818.8800207;782.9118475;850.1024784;779.8815579
AT4G23430;1945.255468;2213.27293;4047.904609;3749.111953;6579.981111;6159.740642;3616.821204
AT4G23660;2684.179892;2828.694337;2577.211585;2627.749576;2813.324129;2029.062996;2213.128649
AT4G24270;922.7455713;1234.838587;1069.49856;967.0253461;1059.228409;935.4866329;811.9286154
AT4G26300;27810.79256;28971.62461;40819.29187;33121.70336;22644.14791;13241.66921;7339.366548
AT4G26500;861.7548548;895.074609;817.503835;832.6209972;858.0460838;801.394513;887.4257994
AT4G26900;772.7119092;713.2083397;725.6266176;817.7192681;825.1052895;775.3608374;672.6933054
AT4G27010;957.041815;942.1618926;1491.536514;1467.456671;1260.874657;1173.320601;1354.141056
AT4G28210;1694.000605;1607.489202;1093.687261;1148.280796;1185.295621;1123.711226;975.769152
AT4G29060;1019.599161;1004.605223;1666.874235;2167.742576;2360.804778;3758.696515;1346.561076
AT4G29660;720.2078276;703.9950629;729.3122175;702.6782269;696.7923863;709.9235811;703.3192169
AT4G29860;914.7129913;848.3536725;966.5817201;1095.296523;1086.091512;952.7132306;1232.478864
AT4G29910;734.7978702;713.0497758;773.2915594;825.5423712;745.6617572;747.6044946;759.5853643
AT4G30580;827.5856229;747.4189624;795.4702222;941.2963008;1142.693279;1335.786582;1415.405395
AT4G31160;1803.869822;2154.253527;1548.545856;1785.980466;3461.543198;2994.44838;1333.519976
AT4G31770;772.9249024;839.0667601;922.2008227;968.2148551;1040.432174;1224.179859;758.3078695
AT4G31780;1009.102518;1089.279629;1190.585287;1218.55144;1337.641012;1071.066214;1098.690508
AT4G32400;4272.065106;4928.223294;3376.026715;4589.432477;5428.826662;3033.213244;2171.700886
AT4G32410;1176.987909;1090.99502;891.1202962;1019.395188;1009.43065;942.653579;1451.238696
AT4G32720;759.6181285;748.4895384;1114.973951;1018.765809;1193.6785;1267.931556;1312.270925
AT4G33090;736.2615513;772.3965883;748.924175;682.4195948;784.3713089;963.0795379;1060.792765
AT4G33460;1118.909364;1331.3583;1294.361366;1720.55424;2067.929678;1626.996056;980.048934
AT4G33495;627.3901618;653.4779891;608.7265166;611.7810408;608.475985;590.1148441;636.1148935
AT4G33680;676.3800038;981.7963005;1471.548771;1001.071599;1787.893714;1437.769571;760.4776632
AT4G33990;795.1713528;742.770004;726.2605664;759.5414504;741.6112008;764.9898699;725.0754739
AT4G34620;64713.59545;56678.33991;54196.16849;56205.76793;54841.30835;55414.752;58666.28078
AT4G36480;734.660091;764.6778515;775.219419;896.5217342;1084.106466;826.6911123;847.539505
AT4G36630;807.1538126;821.1120352;789.3481242;778.6758065;783.1505641;806.2707009;798.8607077
AT4G39120;631.8159439;605.2845746;626.6669436;614.0854183;603.524278;565.478965;612.6068701
AT4G39620;748.1757628;765.5818846;840.0955922;846.2576028;811.7264614;820.3933621;751.3664028
AT4G39920;870.4501244;776.5988919;821.5096628;861.9704542;804.0922895;894.3589368;828.3031388
AT5G02190;810.6782716;807.1999273;855.2429197;823.301958;829.5287663;789.3052379;748.1507063
AT5G02250;921.8088801;934.4736794;1036.244078;1064.503202;1049.244642;1217.105867;1527.352012
AT5G03800;851.923311;847.567637;888.1374475;846.9758056;846.2586477;796.2469341;967.3195258
AT5G05560;674.2121536;644.6745755;644.1214438;600.6941674;638.3265967;652.0089006;746.9255135
AT5G05680;9528.401715;10064.47816;8355.538551;9393.519161;7398.748756;5401.654482;9089.381479
AT5G06240;791.7867305;805.551976;880.3653761;803.6519441;809.1623673;844.2757091;1070.48248
AT5G07280;2316.586226;1735.970462;1124.224402;1512.655675;1273.861575;1049.884923;907.7878414
AT5G07500;920.3271693;840.7603191;1013.565011;837.5606024;1067.126888;7426.417984;1662.394982
AT5G08130;963.387228;893.6775605;739.8524158;777.307791;817.7416442;849.3469925;764.7987714
AT5G08170;1616.562646;1499.923693;3060.23591;4226.9952;4036.593147;3045.194006;1423.467581
AT5G08470;818.6280882;742.5223795;782.0984288;781.6705235;841.2671765;1009.205343;2714.483805
AT5G09900;13901.92979;12344.30915;9462.211029;8613.661432;7752.987524;5277.1652;8259.655729
AT5G10330;1932.516333;2409.668815;1696.450639;1623.849758;1257.683296;1132.734445;1028.423969
AT5G10360;26821.31796;31289.36863;37563.91221;40698.18645;39080.97234;28163.4108;6410.554408
AT5G10480;1136.633278;2089.84781;3490.504631;3077.011375;5543.60712;8118.95201;1751.980405
AT5G11890;799.4932118;743.2658872;729.1353315;775.5833517;772.7859426;793.3007318;722.9178469
AT5G13010;699.6654817;612.3941586;692.7286756;709.7607913;709.3135074;750.7799215;1088.669287
AT5G13480;995.3306656;980.9472285;1165.6087;1117.586211;1021.342206;1064.345638;1189.104372
AT5G13510;946.1980357;1273.027523;2036.000061;2500.095486;3091.163089;2461.664226;1027.201164
AT5G13690;808.4594358;832.6824819;1001.276039;884.2725724;1011.055821;2918.280278;722.5889056
AT5G13710;50189.38861;46923.38745;46532.35987;51997.95128;47289.19196;38762.13341;6412.370165
AT5G14170;6282.58501;9337.74894;8756.383034;6536.431735;5809.093067;3674.376213;4630.339096
AT5G14320;5766.797954;6354.74869;17593.34182;23439.31843;35267.10612;31826.37788;3378.876205
AT5G14760;863.7646153;868.5732132;973.8756204;1024.229998;929.8886309;943.5960148;825.5408903
AT5G14800;4455.915387;4046.561125;11392.58985;13914.49378;15122.23971;9580.319527;5343.8832
AT5G15540;878.6226645;903.8753727;1001.857929;975.0485773;924.8718361;1018.349672;1093.267979
AT5G15920;1330.261053;1200.636929;1569.703517;1714.824129;1308.870422;985.6254786;994.6803983
AT5G16390;3325.997945;5533.794321;14605.73162;12722.45244;20426.02338;22170.77174;3268.393443
AT5G16715;776.0214551;804.7818055;910.0888785;969.9896648;1019.939281;947.648226;808.941519
AT5G16750;820.3228306;835.6533262;854.9075251;928.2792554;833.300549;842.5164848;805.2648692
AT5G17710;892.86677;948.0365871;896.2224561;855.1562292;957.1233184;928.9665983;1095.130041
AT5G18570;894.7477634;1240.511863;1373.510817;1642.510957;3172.01172;1492.902483;1528.594914
AT5G18580;1155.2113;1088.557511;1687.11141;1761.410726;2124.191599;2832.959829;1078.299407
AT5G18700;696.5508957;704.8056279;711.9071654;729.834812;736.9343247;731.4236519;791.6509975
AT5G18820;883.7993719;957.2344433;934.0579953;967.3338493;1012.608939;885.8038353;972.5726494
AT5G19620;734.2636805;692.1672621;683.9714985;750.9771096;790.7235255;732.252358;712.7113352
AT5G19820;714.1880554;738.5053219;903.8797769;951.1496032;962.3955892;974.8698591;801.3638481
AT5G20920;3380.247064;3546.679555;3270.713253;3573.995617;4288.798676;4993.595048;16503.00308
AT5G21140;638.5827421;616.2700948;675.5893565;635.9709368;662.4664727;649.1496947;629.7480057
AT5G22010;849.1289608;772.4870922;844.6436572;832.9143692;854.5937783;935.1111289;909.1452011
AT5G22110;792.8793791;882.5379288;928.4347888;953.7531956;851.6037035;812.7691161;718.8375294
AT5G22130;821.3686384;867.5673908;1061.886398;1154.046996;1360.868543;1074.710734;890.6287581
AT5G22370;1138.570446;1161.515779;979.2631011;936.2682285;1047.966159;917.3259523;944.3799492
AT5G22640;2003.623705;1799.273609;4249.474631;4667.221079;3780.51114;4057.631549;1671.781868
AT5G22800;891.7679734;1408.402373;1669.56322;1594.128823;1559.846509;1346.517429;793.1507764
AT5G23720;963.6878846;914.4988531;903.9888808;931.1429841;950.8915547;1027.287687;1249.071059
AT5G23880;865.4495664;855.7874124;862.9447073;915.2225524;941.0309246;1078.825887;909.7054336
AT5G23940;1546.685717;1833.59441;7415.983449;8799.26663;7482.227362;11066.67794;2428.195853
AT5G24120;715.9551441;688.6049327;720.7185169;781.8755399;856.7770994;904.6913346;774.514248
AT5G24400;8161.243609;12372.43341;23121.28588;21803.32562;26878.87124;26034.80444;10104.8536
AT5G24670;844.4008075;995.8780039;1046.796433;1122.075403;1125.915045;1100.658042;1163.470249
AT5G26742;647.0274948;673.2184099;630.4038174;665.6309791;642.2608134;643.3311076;684.8581096
AT5G27270;787.9126724;705.0064983;747.2318042;685.129088;720.2604414;813.0205147;968.7517012
AT5G27540;35145.55435;26124.5336;26197.77554;20654.6361;10064.9416;8270.038985;27654.81201
AT5G27720;10495.88488;10569.09778;7617.715597;9421.54763;6648.043826;5185.471987;33548.37128
AT5G27740;986.2230858;1000.944674;1829.601964;1589.438374;1306.331498;1361.951031;839.005722
AT5G37510;4736.130279;5975.483092;15555.85231;11841.16429;5827.171317;5752.201303;3639.29361
AT5G37630;685.7297095;728.4738384;781.824697;773.166772;786.4155948;796.8725436;722.5351116
AT5G39680;752.02002;758.0897045;703.8693999;772.4715051;793.6129456;729.2967105;774.2170918
AT5G39710;856.4878936;832.8473163;829.3009141;828.5404329;827.7336386;888.6371751;863.3952729
AT5G39750;721.7962094;763.0244456;698.1794136;788.7747041;774.0826085;734.2909174;746.414922
AT5G39980;722.8078381;822.5469192;808.2949065;841.7218949;904.811609;799.3049381;750.951806
AT5G40160;856.6614461;802.0732313;906.7700148;933.9249784;959.3639769;942.9691144;993.7665832
AT5G40480;1178.915327;1404.491827;1728.218356;1384.959401;1464.9318;1469.610457;1287.541137
AT5G41480;803.0430179;776.5717494;807.1306531;823.5815357;853.3847272;907.2361645;916.0973414
AT5G42080;950.0494649;928.3730312;1368.047426;1546.70397;1706.652083;2447.14628;2266.642096
AT5G48230;1576.642182;1085.002503;1544.245162;1224.500173;2645.524862;3604.13913;1272.038137
AT5G48600;826.8279944;830.1773815;796.2600267;885.7452895;895.7087856;902.646996;817.1349943
AT5G48840;1209.737946;1337.241092;924.4751469;1074.69357;1095.439971;923.4983636;916.529543
AT5G49010;896.1250453;918.1876844;1053.033768;1138.83343;1215.422771;1167.171301;929.9917056
AT5G49160;3017.455103;2754.941572;5970.037596;6629.89051;4257.600779;2520.703673;877.9093603
AT5G49930;1036.284623;912.5004923;976.2045539;937.5407558;924.6712887;966.3214395;1664.14674
AT5G50210;774.3027526;751.3056475;767.0676473;781.8547387;855.4777531;859.9877304;805.2188748
AT5G50280;740.9550467;738.3487541;744.5461651;739.8164494;786.2241622;808.4832694;816.3300344
AT5G50390;737.1111792;759.6063001;689.1986049;783.1404357;791.2290304;826.5343295;681.2124664
AT5G50850;917.0543695;986.7904608;1415.969602;1381.40079;1701.052711;1867.359175;1200.209117
AT5G50960;1135.478147;894.919698;1055.562882;1159.750487;1311.114875;1340.615736;3420.055856
AT5G51020;2430.416734;1574.908785;1976.620938;2417.902414;2678.052435;3448.992632;7160.359546
AT5G51200;857.5540908;893.194356;856.585162;857.4504101;888.1662413;965.5876877;910.4000236
AT5G51430;814.4071244;873.7573005;921.9730937;938.0984193;934.6109017;1038.568477;773.8881484
AT5G52920;796.6755453;1117.41816;1278.495794;810.8541265;3717.680723;3232.860976;1635.622128
AT5G53400;674.8232499;681.5511459;692.2049819;614.2443966;632.3370316;599.2137125;629.7272928
AT5G53860;1402.476255;1447.764909;2503.038997;3470.370906;3248.669366;3079.890345;2423.672706
AT5G55940;1069.757802;1156.423925;2822.854983;2186.563661;1791.167036;1592.827969;1290.770812
AT5G56290;730.4449428;670.3043732;717.7438386;710.6361054;664.9651783;740.534137;1090.260741
AT5G56680;728.3556958;783.5535801;676.3682899;679.1001083;710.2660524;748.5819763;607.3072681
AT5G56930;856.7102491;772.9759311;746.430459;829.3019414;874.6855378;864.2274655;834.8109388
AT5G57590;1154.002563;1074.950165;1270.141714;1256.846235;1367.876904;1568.328119;3307.242685
AT5G57930;1330.314576;1383.857396;1629.031576;2479.300836;2548.791015;2696.583946;2918.555808
AT5G58250;815.2629677;915.8476324;1378.496515;2285.334458;3945.084715;3713.136664;982.457165
AT5G59340;669.7907663;653.7836117;650.8969657;688.8909604;703.3268144;667.8503401;655.0705585
AT5G59440;797.1813299;741.3493667;772.9351395;896.5669431;944.4437922;900.3403411;1056.543436
AT5G60540;830.7823377;837.8799475;902.9186091;987.6577932;1102.190395;1008.506259;1177.934087
AT5G61410;980.8408299;980.087543;1037.648689;1047.16237;1521.198984;2795.728878;1630.066944
AT5G62410;3098.320483;4622.913249;7847.791388;5782.154163;4082.330486;3429.965585;814.1206197
AT5G62440;913.3663249;894.6923166;1273.621159;1245.614119;1029.661212;951.4859491;903.2255489
AT5G62990;884.740437;1002.169581;871.8107656;841.5619502;774.7844634;1234.498521;774.2680537
AT5G63050;1108.311883;1192.835342;1439.303122;2246.908708;3830.441826;4067.333419;3620.632903
AT5G63420;752.6112896;772.7114548;793.754175;793.3764013;817.7614116;894.9126922;679.1386779
AT5G64580;2018.547491;1756.155004;4080.354445;4090.979064;2958.518275;1950.330481;1791.76474
AT5G66055;2417.15872;2397.266213;1814.855939;1966.131641;1936.807574;1660.600811;1422.018095
AT5G66680;34433.29636;33852.66274;33826.77606;35216.83873;31768.67536;31942.47622;21307.66832
AT5G67570;662.4842347;670.0750885;702.4885935;803.4485145;831.3079099;804.2932013;661.9682216
